id,type,mapid,x,y,z,rx,ry,normal,agro,respawnrate
1127,651,1,3016.81,71.0957,2479.06,81,117,11,1,55
1128,651,1,2984.66,88.6776,2248.56,100,132,9,1,55
1129,652,1,2881.03,100.294,2461.61,156,193,14,1,55
1130,653,1,2928.98,88.826,2480.14,176,148,0,1,2100
1131,610,1,3114.33,80.0,2350.18,37,53,4,1,55
1132,610,1,3184.78,80.0,2348.51,88,92,5,1,55
1133,610,1,3343.74,94.0,2556.14,39,120,3,1,55
1134,611,1,3166.71,81.0,2404.89,39,62,4,1,55
1135,611,1,3165.18,86.0,2277.38,54,85,4,1,55
1136,612,1,3155.1,80.0,2501.24,70,29,4,1,55
1137,612,1,3156.07,82.0787,2198.4,28,117,4,1,55
1138,613,1,3167.28,80.0,2344.5,57,361,0,1,2100
1139,663,1,3246.04,70.0,2524.75,21,14,1,0,60
1140,528,1,8142.45,128.02,2061.24,99,51,9,1,55
1141,529,1,8178.75,147.058,2199.0,87,90,4,1,55
1142,530,1,7957.4,102.631,2059.05,81,99,9,1,55
1143,530,1,7981.42,101.114,2193.37,73,104,9,1,55
1144,531,1,7968.18,102.481,2152.12,90,240,0,1,2100
1145,553,1,8075.84,90.2004,2550.36,81,67,9,1,55
1146,554,1,8008.31,94.1214,2518.45,66,68,9,1,55
1147,554,1,8133.88,96.0272,2544.55,59,61,9,1,55
1148,555,1,8126.15,102.88,2512.98,129,112,0,1,2100
1149,811,1,8061.84,94.5837,2519.23,25,26,3,0,60
1150,811,1,7952.22,100.232,2214.09,25,24,3,0,60
1151,85,1,8689.83,142.669,2544.21,104,49,9,1,55
1152,86,1,8667.51,144.668,2494.73,87,72,9,1,55
1153,92,1,8563.14,90.2379,2155.4,108,126,9,1,60
1154,92,1,8394.83,101.382,2075.32,153,69,9,1,55
1155,554,1,8558.05,106.147,2507.43,26,91,4,1,55
1156,554,1,8603.76,106.666,2346.83,28,74,4,1,55
1157,581,1,8701.75,96.9572,2086.7,38,40,2,0,55
1158,583,1,8701.78,95.4192,2096.48,41,40,0,1,55
1159,811,1,8671.64,155.276,2413.29,19,25,3,0,60
1160,811,1,8574.88,107.885,2447.0,33,35,3,0,60
1161,86,1,8710.36,161.958,2426.77,76,77,9,1,55
1162,87,1,8705.34,157.313,2440.32,71,218,0,1,2100
1163,544,1,8935.25,100.902,2400.35,86,75,9,1,55
1164,544,1,9067.98,98.0254,2411.98,141,67,9,1,55
1165,544,1,8807.68,106.856,2211.84,24,158,3,1,55
1166,545,1,8941.96,107.175,2440.85,54,76,9,1,55
1167,581,1,8785.23,103.355,2097.63,40,38,2,0,55
1168,582,1,8709.61,95.1953,2093.46,39,38,2,0,55
1169,582,1,8776.5,104.411,2110.78,40,38,2,0,55
1170,583,1,8780.79,104.596,2108.11,40,37,0,1,55
1171,688,1,8779.9,104.133,2181.17,8,6,1,0,60
1172,811,1,8734.79,99.6073,2062.13,48,48,3,0,60
1173,811,1,8991.64,105.615,2450.55,28,28,3,0,60
1174,811,1,8729.04,153.564,2513.11,38,32,3,0,60
1175,811,1,8809.61,125.944,2348.08,27,29,3,0,60
1176,608,1,3065.38,100.0,2781.77,172,85,3,2,55
1177,608,1,3001.95,93.3628,3007.51,183,139,5,1,55
1178,650,1,2968.71,99.3275,2618.28,62,200,11,1,55
1179,650,1,2892.39,102.814,2563.12,156,44,9,1,55
1180,689,1,2959.82,98.7875,2753.43,11,5,1,0,60
1181,614,1,3409.34,88.0778,2884.67,116,45,3,1,55
1182,614,1,3550.78,84.4396,2897.22,88,46,3,1,55
1183,616,1,3531.26,88.5536,2601.79,103,34,3,1,55
1184,616,1,3477.9,87.0658,2656.81,32,110,3,1,55
1185,642,1,3405.3,79.185,3056.96,111,121,6,2,55
1186,642,1,3284.35,90.0,2988.77,183,57,3,1,55
1187,643,1,3342.64,82.0474,2891.88,91,119,5,1,55
1188,643,1,3266.3,81.9352,2868.76,113,103,6,1,55
1189,644,1,3317.79,69.9817,2733.89,115,70,5,2,55
1190,644,1,3430.5,71.3969,2732.82,132,74,4,1,55
1191,645,1,3309.34,68.1817,2825.22,189,236,0,1,2100
1192,615,1,3589.52,74.5565,2839.72,56,57,3,1,55
1193,615,1,3607.13,75.0,2754.84,29,154,4,1,55
1194,616,1,3596.32,77.7173,2622.3,53,68,3,1,55
1195,617,1,3606.29,75.0,2652.23,25,293,0,1,2100
1196,624,1,4051.2,48.8519,3049.55,90,271,8,2,55
1197,646,1,4078.84,109.881,2722.87,111,112,6,2,55
1198,646,1,4055.47,99.0724,2908.96,90,112,1,1,200
1199,647,1,4031.21,107.446,2588.14,106,125,8,2,55
1200,647,1,4000.19,120.0,2750.96,76,150,4,1,200
1201,648,1,3913.05,119.515,2685.73,96,148,8,2,55
1202,649,1,4008.29,109.999,2676.52,211,177,0,1,2100
1203,648,1,3949.1,108.063,2615.04,72,119,7,1,55
1204,622,1,4214.45,109.437,3020.45,84,121,8,2,55
1205,622,1,4180.19,100.806,2908.22,80,134,4,1,55
1206,623,1,4099.72,100.242,2820.08,88,145,7,1,55
1207,625,1,4144.6,91.9137,3044.02,176,274,0,1,2100
1208,20,1,6920.92,96.4484,2990.88,27,64,18,0,60
1209,20,1,7054.16,120.216,2999.58,117,32,18,0,60
1210,21,1,6944.54,105.605,2931.39,36,54,18,0,60
1211,21,1,6705.91,99.8682,3017.33,31,42,18,0,60
1212,21,1,6919.69,98.9453,2907.93,36,31,18,0,60
1213,21,1,7140.72,116.266,3045.28,48,48,10,0,60
1214,22,1,6866.99,98.9212,2887.06,58,25,18,0,60
1215,22,1,6773.88,101.505,3001.47,62,42,18,0,60
1216,22,1,6738.49,97.7281,2968.71,48,48,10,0,55
1217,23,1,6718.74,99.8911,3007.82,96,57,0,1,2100
1218,22,1,7186.77,105.289,3001.3,48,48,18,0,60
1219,64,1,8017.44,84.3461,2828.5,69,88,9,1,55
1220,64,1,8069.15,81.0654,2742.11,70,70,9,1,55
1221,65,1,7997.66,76.9753,2777.44,71,51,9,1,55
1222,66,1,7967.81,74.8717,2732.61,57,70,9,1,55
1223,66,1,7923.75,76.9085,2819.09,79,50,9,1,55
1224,67,1,7861.47,83.478,2801.63,214,87,0,1,2100
1225,69,1,8171.79,84.9442,2771.8,50,88,9,1,55
1226,70,1,8118.02,84.8832,2750.67,46,71,9,1,55
1227,70,1,8179.02,85.7479,2663.1,60,71,9,1,55
1228,71,1,8152.39,84.8095,2711.95,102,143,0,1,2100
1229,120,1,8156.74,88.2636,3036.26,63,82,9,1,55
1230,122,1,8096.32,87.4427,2902.94,84,85,9,1,55
1231,122,1,8105.36,88.3999,3007.75,73,80,9,1,55
1232,123,1,8058.3,90.6369,2950.01,170,89,0,1,2100
1233,400,1,7899.2,79.8614,2722.62,93,54,9,1,55
1234,400,1,7979.15,78.5607,2672.29,74,62,9,1,55
1235,401,1,7928.61,79.1266,2684.0,66,59,9,1,55
1236,402,1,7840.49,80.3841,2693.81,88,67,9,1,55
1237,402,1,7944.12,82.5409,2602.46,73,67,9,1,55
1238,403,1,7881.06,83.8722,2644.81,96,110,0,1,2100
1239,552,1,8101.83,86.2482,2612.23,96,63,9,1,55
1240,552,1,8043.21,77.3599,2623.85,55,100,9,1,55
1241,811,1,8160.44,93.0578,2951.53,19,25,3,0,60
1242,811,1,8167.59,85.2996,2811.92,26,40,3,0,60
1243,811,1,8091.45,83.0189,2647.89,34,36,3,0,60
1244,816,1,7834.98,85.2115,2758.61,18,14,1,0,600
1245,812,1,7844.68,84.0311,2752.16,28,22,2,0,300
1246,68,1,8256.19,82.2623,2815.6,58,62,9,1,55
1247,68,1,8241.37,83.6569,2744.36,48,92,9,1,55
1248,84,1,8641.67,141.351,2582.74,68,82,9,1,55
1249,105,1,8640.62,143.27,2677.31,124,80,9,1,55
1250,105,1,8641.18,139.583,2800.32,136,98,9,1,55
1251,106,1,8657.26,141.869,2752.19,130,119,0,1,2100
1252,120,1,8580.96,100.412,2978.31,62,142,9,1,55
1253,120,1,8397.02,89.1448,2873.93,69,79,9,1,55
1254,121,1,8204.28,87.2267,2957.46,72,67,9,1,55
1255,811,1,8675.91,141.82,2740.31,30,34,3,0,60
1256,811,1,8471.77,91.9203,2792.49,70,28,3,0,60
1257,84,1,8752.84,143.251,2585.27,43,76,9,1,55
1258,103,1,8825.81,147.168,2880.59,48,118,9,1,55
1259,103,1,8773.55,143.666,2683.77,65,110,9,1,55
1260,104,1,8763.41,141.941,2734.31,71,120,9,1,55
1261,529,1,8957.8,151.059,3047.72,79,83,4,1,55
1262,546,1,8888.45,130.092,2608.67,128,34,9,1,55
1263,546,1,8928.15,135.193,2658.22,57,318,9,1,55
1264,547,1,8928.76,140.708,2697.39,55,372,0,1,2100
1265,811,1,8846.45,140.739,2615.06,33,15,3,0,60
1266,811,1,8906.11,163.854,2980.07,25,31,3,0,60
1267,821,1,8961.75,162.897,2912.11,14,9,2,0,180
1268,596,1,2857.28,71.2998,3424.99,126,172,9,1,55
1269,606,1,2948.89,76.6877,3170.67,166,70,6,1,55
1270,607,1,2939.56,90.3562,3082.46,72,116,4,1,55
1271,607,1,3021.88,87.5694,3092.98,61,110,3,1,55
1272,609,1,3018.16,90.8061,3074.68,199,186,0,1,2100
1273,602,1,3501.29,45.179,3493.51,123,179,9,1,55
1274,603,1,3486.97,55.3652,3346.09,132,155,12,0,55
1275,604,1,3551.0,59.0,3184.46,115,156,19,1,55
1276,605,1,3552.09,51.5766,3315.32,163,248,0,1,2100
1277,606,1,3215.18,28.4639,3217.0,152,103,6,1,55
1278,667,1,3204.71,10.0846,3434.78,10,6,2,0,60
1279,667,1,3234.71,10.7337,3419.06,5,8,2,0,60
1280,646,1,3950.69,25.4892,3104.96,101,135,1,1,200
1281,618,1,3833.6,38.5436,3480.05,330,115,8,2,100
1282,621,1,3870.98,28.6729,3546.69,139,231,0,1,3600
1283,620,1,4082.69,31.633,3578.85,53,175,8,2,100
1284,619,1,3986.09,30.8128,3477.2,149,75,4,1,100
1285,602,1,3675.74,32.7518,3432.58,131,156,14,1,100
1286,603,1,3615.2,42.7528,3282.26,125,136,11,1,55
1287,622,1,4336.19,101.266,3154.91,88,150,8,2,55
1288,623,1,4210.64,118.692,3132.37,156,128,8,2,55
1289,508,1,5494.8,80.8167,3514.13,165,49,9,1,55
1290,508,1,5557.61,97.0,3453.46,66,66,7,1,55
1291,509,1,5492.79,75.0,3450.4,44,161,9,1,55
1292,510,1,5324.06,44.4966,3401.04,175,49,9,1,55
1293,510,1,5446.62,54.5709,3393.16,123,104,9,1,55
1294,511,1,5402.58,54.0,3386.31,121,124,0,1,2100
1295,800,1,5248.75,42.5983,3396.18,28,63,6,0,120
1296,817,1,5241.15,41.8687,3397.07,24,65,1,0,180
1297,800,1,5188.35,63.159,3378.32,17,46,12,0,120
1298,817,1,5177.45,73.449,3376.3,20,51,2,0,180
1299,827,1,5153.42,92.2991,3361.67,22,16,1,0,240
1300,800,1,5521.25,83.4352,3557.99,31,19,3,0,120
1301,548,1,5685.91,85.0002,3305.39,115,45,7,1,55
1302,548,1,5686.16,85.0,3436.72,110,35,7,1,55
1303,549,1,5729.71,106.0,3389.71,72,53,7,1,55
1304,550,1,5813.29,85.0,3348.48,74,63,7,1,55
1305,550,1,5816.65,85.0,3454.5,46,91,7,1,55
1306,551,1,5738.83,106.0,3395.65,163,150,0,1,2100
1307,20,1,6711.44,116.452,3191.73,22,43,18,0,60
1308,20,1,7133.26,100.746,3339.7,59,55,18,0,60
1309,20,1,6839.46,105.003,3329.75,48,48,18,0,60
1310,20,1,6893.73,103.054,3472.92,48,48,18,0,60
1311,20,1,7053.46,100.0,3417.43,48,48,18,0,60
1312,20,1,7013.98,100.0,3424.53,48,48,18,0,60
1313,20,1,6900.65,102.529,3095.15,44,85,18,0,60
1314,21,1,6802.63,108.358,3334.19,48,48,18,0,60
1315,21,1,6774.68,132.37,3437.42,48,48,18,0,60
1316,21,1,7146.32,100.931,3384.45,48,48,18,0,60
1317,21,1,7038.02,93.4565,3463.38,48,48,18,0,60
1318,22,1,7062.7,100.69,3496.41,48,48,18,0,60
1319,22,1,6900.11,98.3624,3507.42,48,48,18,0,60
1320,22,1,6790.68,107.406,3364.28,36,42,18,0,60
1321,22,1,6733.18,125.513,3457.35,51,58,10,0,55
1322,24,1,6733.15,100.371,3526.39,84,59,15,0,55
1323,24,1,6729.24,100.568,3557.31,95,50,15,0,55
1324,24,1,6864.94,104.824,3505.7,48,48,15,0,55
1325,25,1,6671.68,102.221,3550.07,62,69,14,1,55
1326,25,1,6870.23,100.27,3554.7,58,61,14,1,55
1327,26,1,6670.32,112.085,3582.34,33,87,14,1,55
1328,96,1,7112.35,100.051,3483.91,48,48,10,0,55
1329,96,1,7153.27,99.9379,3480.85,48,48,12,0,55
1330,96,1,7065.61,102.371,3517.7,31,60,12,0,55
1331,97,1,7106.37,101.562,3549.21,48,48,10,0,55
1332,97,1,7148.12,99.1065,3527.97,48,48,10,0,55
1333,98,1,7155.58,100.089,3571.96,61,44,12,0,55
1334,304,1,6909.21,107.157,3397.58,79,62,8,0,80
1335,304,1,6977.85,116.752,3574.41,73,66,8,0,80
1336,667,1,7138.87,99.9655,3261.88,6,7,1,0,60
1337,667,1,7166.44,100.0,3270.29,6,6,2,0,60
1338,667,1,7132.12,99.9366,3256.2,6,7,1,0,60
1339,667,1,6975.43,100.0,3264.49,6,4,2,0,60
1340,667,1,6960.42,100.0,3219.4,6,7,2,0,60
1341,667,1,6905.37,100.0,3242.47,4,5,2,0,60
1342,667,1,6960.01,100.0,3358.23,6,7,2,0,60
1343,667,1,6933.22,100.0,3231.59,6,7,2,0,60
1344,751,1,6962.75,100.0,3157.7,13,15,1,0,120
1345,811,1,6983.76,100.0,3446.35,13,10,3,0,60
1346,811,1,6931.8,99.7029,3481.95,23,14,3,0,60
1347,811,1,7166.15,98.5444,3512.05,20,15,3,0,60
1348,20,1,7267.84,103.991,3323.72,48,48,18,0,60
1349,20,1,7213.67,99.6645,3478.53,48,48,18,0,60
1350,20,1,7279.53,167.495,3427.37,48,48,10,0,60
1351,21,1,7316.54,107.32,3331.46,71,61,18,0,60
1352,21,1,7232.6,98.6319,3512.31,48,48,18,0,60
1353,22,1,7266.9,100.0,3479.47,40,35,18,0,60
1354,22,1,7226.66,101.062,3394.09,35,47,9,0,60
1355,24,1,7370.72,106.436,3357.66,62,43,15,0,55
1356,98,1,7168.85,98.2102,3549.75,48,48,12,0,55
1357,99,1,7213.72,106.729,3560.1,142,62,0,1,2100
1358,304,1,7244.45,114.1,3461.15,84,73,8,0,80
1359,667,1,7170.38,100.0,3216.61,10,8,2,0,60
1360,120,1,8185.88,90.7579,3086.53,99,26,4,1,55
1361,44,1,8423.4,93.478,3377.13,84,92,7,1,55
1362,45,1,8483.24,101.363,3284.01,53,110,7,1,55
1363,45,1,8444.25,100.028,3280.27,101,82,7,1,55
1364,46,1,8505.21,96.311,3328.65,90,81,7,1,55
1365,48,1,8605.1,91.5648,3266.06,54,85,7,1,55
1366,48,1,8578.1,99.8176,3148.51,53,106,7,1,55
1367,49,1,8615.47,100.0,3104.78,95,54,7,1,55
1368,50,1,8664.99,95.8783,3231.6,83,97,7,1,55
1369,120,1,8306.04,100.341,3191.42,49,80,4,1,55
1370,305,1,8371.69,115.197,3390.26,165,94,8,0,80
1371,305,1,8662.07,143.979,3491.49,103,91,8,0,80
1372,305,1,8588.22,115.454,3314.57,103,103,8,0,80
1373,306,1,8465.98,161.301,3075.07,129,94,8,0,80
1374,577,1,8440.98,105.608,3203.6,31,33,2,0,55
1375,577,1,8497.77,107.505,3197.09,32,32,2,0,55
1376,577,1,8446.2,105.608,3166.08,31,32,2,0,55
1377,577,1,8381.31,105.396,3197.37,33,31,2,0,55
1378,577,1,8377.88,108.431,3150.43,30,31,2,0,55
1379,578,1,8492.46,113.666,3193.99,30,33,2,0,55
1380,578,1,8443.43,105.608,3204.9,32,31,2,0,55
1381,578,1,8433.76,105.608,3154.41,30,31,2,0,55
1382,578,1,8377.38,104.988,3196.91,30,32,2,0,55
1383,578,1,8378.13,106.319,3144.48,31,31,2,0,55
1384,579,1,8372.34,110.028,3194.21,34,31,0,1,55
1385,579,1,8438.41,105.608,3206.01,29,31,0,1,55
1386,579,1,8495.08,110.365,3190.49,31,35,0,1,55
1387,579,1,8438.27,105.608,3153.81,31,31,0,1,55
1388,579,1,8376.23,106.624,3142.0,31,32,0,1,55
1389,580,1,8404.23,105.778,3181.29,126,96,0,1,2100
1390,667,1,8567.63,100.0,3558.96,8,6,3,0,60
1391,752,1,8621.99,100.0,3557.55,13,10,1,0,120
1392,811,1,8440.83,93.5085,3351.6,31,26,3,0,60
1393,811,1,8633.6,101.943,3117.45,36,30,3,0,60
1394,811,1,8428.75,105.608,3146.73,22,20,3,0,60
1395,50,1,8710.03,99.5538,3136.45,76,60,9,1,55
1396,51,1,8715.24,97.9169,3213.87,148,131,0,1,2100
1397,305,1,8853.93,167.181,3261.68,111,94,8,0,80
1398,306,1,8746.69,126.001,3286.71,107,55,8,0,80
1399,811,1,8997.47,162.305,3088.42,32,27,3,0,60
1400,594,1,2756.59,52.7157,3973.66,166,105,14,1,55
1401,594,1,2978.02,47.3952,3997.97,258,63,13,2,55
1402,595,1,2692.88,48.0507,3828.55,219,71,14,1,55
1403,595,1,3023.73,47.1089,3834.81,253,104,11,1,55
1404,596,1,2702.9,49.52,3621.38,212,147,9,1,55
1405,596,1,2945.02,58.4254,3683.9,213,168,9,1,55
1406,596,1,2841.27,41.1563,3836.41,138,153,13,2,55
1407,597,1,2865.45,40.3889,3837.52,312,307,0,1,2100
1408,626,1,3276.75,37.6157,3838.95,234,122,11,1,55
1409,626,1,3176.42,36.8061,3745.17,230,64,9,1,55
1410,627,1,3371.28,37.8496,3681.83,111,130,14,1,55
1411,627,1,3412.44,36.7552,3829.12,144,188,11,1,55
1412,628,1,3471.68,35.0177,3785.14,116,288,18,2,55
1413,629,1,3425.09,36.2331,3783.38,313,246,0,1,2100
1414,618,1,3830.52,32.6233,3614.01,107,118,4,1,55
1415,619,1,3941.95,31.2226,3667.71,162,56,4,1,55
1416,502,1,4391.91,16.0,4060.22,75,113,7,1,55
1417,569,1,4603.26,60.1122,3867.88,74,49,8,0,55
1418,570,1,4547.71,63.5592,3940.93,57,85,7,1,55
1419,571,1,4506.93,60.044,3891.9,305,43,0,1,2100
1420,690,1,4544.7,60.9158,3909.05,7,6,1,0,60
1421,404,1,5073.77,54.8974,3867.35,77,90,7,1,55
1422,406,1,5067.45,51.4424,3780.01,105,65,7,1,55
1423,407,1,5074.77,51.2029,3813.41,265,96,0,1,2100
1424,513,1,5001.07,53.2499,4087.4,51,158,7,1,55
1425,514,1,4934.22,55.0,3970.34,107,84,7,1,55
1426,514,1,5044.39,55.0,3963.63,98,97,7,1,55
1427,515,1,4985.98,55.0,3976.09,127,126,0,1,2100
1428,568,1,4682.88,60.0,3877.03,63,72,7,1,55
1429,568,1,4782.76,60.0,3868.08,89,53,7,1,55
1430,405,1,5133.5,62.5044,3918.09,65,113,5,1,55
1431,406,1,5133.31,62.6272,3861.49,91,137,7,1,55
1432,516,1,5190.41,74.8315,3993.75,69,153,7,1,55
1433,516,1,5226.99,75.2419,3820.45,122,86,7,1,55
1434,517,1,5223.57,75.1097,3880.54,73,74,7,1,55
1435,518,1,5285.77,75.0515,3992.38,94,86,7,1,55
1436,518,1,5279.4,75.1044,3869.82,75,111,7,1,55
1437,519,1,5243.73,75.2105,3950.98,126,156,0,1,2100
1438,667,1,5574.64,75.6559,3904.84,8,8,3,0,60
1439,800,1,5611.14,74.9414,3676.28,11,32,3,0,120
1440,800,1,5574.55,75.0,3615.65,17,26,2,0,120
1441,107,1,5932.21,77.8632,3821.02,61,83,9,1,55
1442,107,1,5877.31,67.4944,3777.09,61,85,9,1,55
1443,108,1,5891.66,63.4374,3721.06,68,72,9,1,55
1444,109,1,5774.17,60.0,3672.97,67,82,9,1,55
1445,109,1,5869.5,53.1086,3657.94,81,99,9,1,55
1446,109,1,5828.34,94.0704,3955.8,102,40,9,1,55
1447,110,1,5850.74,51.8772,3662.75,160,86,0,1,2100
1448,504,1,5745.96,105.683,4053.74,49,94,7,1,55
1449,540,1,6140.58,88.3836,3925.44,117,55,9,1,55
1450,540,1,5982.25,95.4382,3917.45,53,152,9,1,55
1451,541,1,6042.59,92.7147,3933.92,81,86,9,1,55
1452,543,1,6102.19,122.426,4049.32,159,162,0,1,2100
1453,589,1,6051.38,123.403,3719.5,39,39,2,0,55
1454,589,1,6117.1,108.699,3704.08,38,40,2,0,55
1455,589,1,6087.37,88.4248,3845.78,41,39,2,0,55
1456,589,1,6137.55,98.5276,3780.04,39,39,2,0,55
1457,589,1,6055.67,87.0237,3798.2,41,39,2,0,55
1458,590,1,6082.12,87.1685,3839.09,40,39,2,0,55
1459,590,1,6128.03,96.4847,3780.25,40,37,2,0,55
1460,590,1,6045.89,127.988,3716.93,39,40,2,0,55
1461,590,1,6119.28,108.699,3712.52,37,38,2,0,55
1462,590,1,6051.58,88.0495,3794.99,39,40,2,0,55
1463,591,1,6134.27,99.7976,3773.95,39,38,0,1,55
1464,591,1,6077.27,87.0245,3841.16,42,39,0,1,55
1465,591,1,6054.65,122.095,3716.23,38,37,0,1,55
1466,591,1,6124.18,108.699,3710.35,39,40,0,1,55
1467,591,1,6057.53,85.8723,3793.64,39,41,0,1,55
1468,592,1,6095.71,101.631,3768.65,94,125,0,1,2100
1469,308,1,6470.9,153.19,3916.38,276,183,4,1,55
1470,308,1,6309.05,143.289,3607.47,253,138,4,1,55
1471,309,1,6405.41,168.303,3833.4,156,263,4,1,55
1472,310,1,6259.38,190.813,3634.65,147,193,4,1,55
1473,310,1,6280.58,110.7,3818.67,121,140,4,1,55
1474,311,1,6299.64,180.691,3756.25,140,300,0,1,2100
1475,524,1,6632.37,114.645,3647.07,48,48,9,1,60
1476,524,1,6588.2,114.645,3612.5,48,48,9,1,60
1477,525,1,6584.5,114.644,3643.1,68,64,10,0,60
1478,526,1,6599.2,114.644,3704.9,48,48,9,1,60
1479,526,1,6495.5,115.276,3641.94,87,66,9,1,60
1480,527,1,6556.94,114.644,3666.58,119,102,0,1,2100
1481,542,1,6158.17,121.097,4071.52,98,88,9,1,55
1482,589,1,6156.55,108.812,3845.9,40,39,2,0,55
1483,590,1,6162.74,107.723,3839.44,38,40,2,0,55
1484,591,1,6152.94,107.491,3842.47,39,38,0,1,55
1485,811,1,6586.86,114.644,3609.92,27,25,3,0,60
1486,812,1,6594.01,112.751,3731.67,20,17,5,0,240
1487,813,1,6498.06,114.644,3611.74,19,19,2,1,180
1488,814,1,6635.66,114.649,3687.72,18,13,2,1,180
1489,24,1,7127.92,106.885,3591.24,74,40,8,0,55
1490,25,1,7157.09,107.153,3611.42,38,55,8,0,55
1491,27,1,6669.11,114.612,3622.42,69,155,0,1,2100
1492,28,1,7011.69,105.881,3679.81,48,48,7,1,55
1493,28,1,7054.41,113.174,3677.27,69,26,7,1,55
1494,28,1,7118.41,116.635,3719.76,44,37,7,1,55
1495,28,1,6973.18,104.241,3648.38,79,34,7,1,55
1496,28,1,6799.22,100.374,3635.35,16,55,7,1,55
1497,29,1,7021.73,114.831,3726.34,55,45,7,1,55
1498,29,1,7067.15,114.665,3732.86,55,28,7,1,55
1499,29,1,7135.58,118.718,3782.05,47,27,7,1,55
1500,30,1,7033.39,110.856,3781.45,62,27,7,1,55
1501,30,1,7080.49,105.614,3789.45,37,45,7,1,55
1502,30,1,7049.12,105.033,3796.71,53,33,7,1,55
1503,31,1,7016.96,98.2254,3791.21,115,73,0,1,2100
1504,32,1,6817.13,100.0,3701.39,48,48,7,1,55
1505,32,1,6839.5,100.0,3743.12,48,48,7,1,55
1506,32,1,6883.99,100.739,3744.53,36,65,7,1,55
1507,33,1,6856.24,100.795,3785.99,48,48,7,1,55
1508,33,1,6904.97,100.789,3805.9,48,48,7,1,55
1509,34,1,6863.88,103.812,3836.56,48,48,7,1,55
1510,34,1,6822.78,100.939,3795.61,48,48,7,1,55
1511,35,1,6822.98,102.491,3814.17,86,84,0,1,2100
1512,37,1,7112.4,129.585,3889.94,71,50,7,1,55
1513,37,1,7037.57,121.585,3994.26,73,118,7,1,55
1514,38,1,7048.69,145.935,4040.18,60,52,7,1,55
1515,39,1,7053.08,150.925,4090.64,57,183,0,1,2100
1516,304,1,6907.95,114.4,3702.79,93,89,8,0,80
1517,524,1,6957.53,99.498,3707.1,39,84,2,0,55
1518,524,1,6846.81,99.8581,3668.98,32,67,2,0,55
1519,811,1,7158.86,111.136,3632.05,19,17,3,0,60
1520,811,1,7096.41,115.196,3747.44,27,26,3,0,60
1521,811,1,7045.09,117.196,3905.79,51,15,3,0,60
1522,811,1,6840.57,103.13,3830.64,26,20,3,0,60
1523,815,1,6685.02,114.649,3642.21,16,18,2,1,180
1524,25,1,7186.05,106.187,3602.22,48,34,8,0,55
1525,26,1,7205.14,109.381,3644.61,36,31,8,0,55
1526,26,1,7217.34,109.411,3607.47,37,31,7,1,55
1527,28,1,7186.97,125.381,3776.39,37,68,7,1,55
1528,32,1,7321.0,85.0245,3994.0,48,48,7,1,55
1529,32,1,7438.0,85.2372,3958.0,48,48,7,1,55
1530,36,1,7239.4,154.656,3862.85,58,43,7,1,55
1531,36,1,7264.83,155.692,3908.64,70,54,7,1,55
1532,37,1,7168.23,150.867,3877.18,64,45,7,1,55
1533,40,1,7466.91,153.788,4073.26,48,48,7,1,55
1534,60,1,7330.69,144.306,4070.54,74,29,7,1,55
1535,60,1,7264.7,149.709,4071.48,45,33,7,1,55
1536,88,1,7302.76,108.219,3618.18,34,53,7,1,55
1537,88,1,7196.15,116.835,3701.51,48,48,7,1,55
1538,88,1,7290.93,118.709,3678.76,51,33,7,1,55
1539,89,1,7344.23,126.146,3702.88,48,48,7,1,55
1540,89,1,7341.46,111.762,3624.29,48,48,7,1,55
1541,90,1,7378.22,126.255,3689.1,40,51,7,1,55
1542,90,1,7381.34,107.399,3602.73,52,44,7,1,55
1543,91,1,7425.57,125.72,3646.68,166,102,0,1,2100
1544,304,1,7409.57,173.038,4045.09,117,102,8,0,80
1545,750,1,7274.08,116.976,3694.98,14,12,1,0,120
1546,811,1,7381.86,131.873,3724.88,21,15,3,0,60
1547,811,1,7366.63,154.091,3906.59,31,24,3,0,60
1548,667,1,8564.7,100.0,3643.52,7,8,3,0,60
1549,667,1,8464.45,100.0,3613.65,49,7,3,0,60
1550,667,1,8396.68,100.0,3670.24,11,9,3,0,60
1551,667,1,8315.81,100.0,3720.6,9,5,3,0,60
1552,667,1,8370.77,100.0,3650.2,11,10,3,0,60
1553,667,1,8415.48,140.12,3976.73,10,8,3,0,60
1554,811,1,8315.38,101.705,3992.27,54,24,3,2,60
1555,812,1,8343.72,100.0,3948.55,28,31,1,1,180
1556,300,1,8893.95,131.036,3685.67,154,194,4,1,55
1557,300,1,8770.2,157.646,3955.41,236,134,4,1,55
1558,301,1,8825.41,127.192,3875.66,188,178,4,1,55
1559,302,1,8850.84,125.306,4045.04,251,131,4,1,55
1560,302,1,9038.73,159.373,3698.28,189,205,4,1,55
1561,303,1,8890.66,152.015,3886.19,269,299,0,1,2100
1562,585,1,9164.56,81.1532,3927.31,35,35,2,0,55
1563,585,1,9182.56,81.0058,3986.38,34,29,2,0,55
1564,585,1,9129.42,80.6217,3979.32,30,33,2,0,55
1565,585,1,9064.82,88.0418,4006.76,35,32,2,0,55
1566,585,1,9091.15,74.4886,4068.43,32,31,2,0,55
1567,586,1,9165.15,81.1699,3931.22,33,35,2,0,55
1568,586,1,9187.91,81.0329,3985.17,31,26,2,0,55
1569,586,1,9127.03,80.4117,3971.18,32,32,2,0,55
1570,586,1,9086.68,75.3975,4068.31,34,30,2,0,55
1571,586,1,9070.24,87.4355,4007.22,32,30,2,0,55
1572,587,1,9074.05,88.6981,4018.08,31,30,0,1,55
1573,587,1,9120.77,81.1816,3977.52,33,30,0,1,55
1574,587,1,9189.35,81.0519,3980.66,32,28,0,1,55
1575,587,1,9161.22,81.1472,3924.67,32,35,0,1,55
1576,588,1,9132.9,81.1637,3959.57,82,76,0,1,2100
1577,52,1,9552.29,96.6454,4052.04,48,47,8,0,55
1578,52,1,9494.78,96.731,4043.45,45,58,8,0,55
1579,80,1,9288.31,98.4927,3752.41,48,48,8,0,55
1580,80,1,9386.89,83.2352,3815.72,48,48,8,0,55
1581,80,1,9295.74,76.0944,3845.4,48,48,8,0,55
1582,81,1,9334.38,59.9467,3996.97,48,48,8,0,55
1583,81,1,9333.88,59.7703,3925.43,58,65,8,0,55
1584,81,1,9437.19,76.3266,3845.67,83,52,8,0,55
1585,82,1,9391.54,74.589,3952.45,44,76,8,0,55
1586,82,1,9526.42,91.3177,3954.1,44,67,8,0,55
1587,83,1,9452.16,78.1792,3938.12,48,48,0,1,2100
1588,630,1,2511.15,61.1999,4328.78,57,35,2,1,55
1589,640,1,2535.0,50.8264,4599.67,87,81,3,1,55
1590,630,1,2583.16,59.8592,4256.07,54,55,2,0,55
1591,630,1,2629.25,62.7558,4355.53,56,54,2,1,55
1592,630,1,2888.16,56.7794,4255.18,82,33,3,1,55
1593,630,1,2804.79,2.23645,4241.29,43,69,0,2,55
1594,631,1,2984.42,55.0,4265.49,31,93,2,0,55
1595,631,1,3063.25,60.0092,4313.16,117,27,2,1,55
1596,631,1,3071.9,58.4246,4209.25,103,24,8,0,55
1597,639,1,2957.36,59.3763,4532.84,73,112,7,1,55
1598,640,1,2573.03,49.3319,4550.8,29,125,2,1,55
1599,641,1,2576.66,44.9773,4571.22,380,216,0,1,2100
1600,640,1,2922.73,51.0484,4402.06,58,103,7,1,55
1601,639,1,2772.84,53.7169,4511.89,37,91,7,1,55
1602,575,1,3568.47,60.8671,4606.44,43,35,0,1,55
1603,598,1,3264.18,70.0321,4189.04,91,54,3,1,55
1604,598,1,3266.72,61.8592,4322.52,91,44,3,1,55
1605,599,1,3347.68,79.1872,4330.06,74,87,4,1,55
1606,599,1,3337.31,67.1816,4175.2,111,54,3,1,55
1607,600,1,3365.05,61.8774,4240.15,143,58,6,2,55
1608,601,1,3343.86,61.2835,4233.44,153,152,0,1,2100
1609,632,1,3178.75,66.4283,4299.91,82,78,4,1,55
1610,632,1,3176.75,60.0933,4214.62,90,81,3,1,55
1611,633,1,3157.57,62.7631,4240.98,113,178,0,1,2100
1612,538,1,4088.92,57.2932,4452.92,73,80,7,1,55
1613,572,1,3645.54,56.1443,4594.54,52,43,2,0,55
1614,573,1,3641.49,55.824,4592.6,52,43,2,0,55
1615,575,1,3647.12,56.1205,4590.67,54,44,0,1,55
1616,667,1,3907.07,59.3,4378.71,6,6,2,0,60
1617,667,1,3827.58,59.4,4357.32,7,6,2,0,60
1618,667,1,3831.2,61.1001,4445.27,16,23,3,0,60
1619,667,1,3746.28,59.2002,4421.0,7,5,2,0,60
1620,667,1,3879.36,59.1999,4460.31,4,4,2,0,60
1621,667,1,3771.24,59.6,4482.66,9,10,3,0,60
1622,667,1,3964.93,59.7,4430.97,13,10,3,0,60
1623,687,1,4060.09,65.2,4381.23,14,14,1,0,60
1624,500,1,4532.85,19.3046,4217.59,98,78,7,1,55
1625,500,1,4470.65,12.0,4308.96,87,98,7,1,55
1626,501,1,4398.53,12.0,4357.7,117,127,7,1,55
1627,501,1,4397.76,16.0,4159.45,104,85,7,1,55
1628,501,1,4400.33,15.8741,4252.09,98,130,8,0,55
1629,502,1,4246.2,16.0277,4487.53,170,75,7,1,55
1630,503,1,4426.95,21.8742,4285.01,167,224,0,1,2100
1631,536,1,4215.01,65.0,4175.98,57,99,7,1,55
1632,536,1,4230.17,47.6685,4292.37,47,106,7,1,55
1633,537,1,4186.42,53.4026,4357.03,59,76,7,1,55
1634,537,1,4140.46,61.075,4428.68,63,101,7,1,55
1635,538,1,4180.67,62.0,4582.53,124,58,7,1,55
1636,539,1,4217.03,49.0389,4290.3,98,167,0,1,2100
1637,512,1,5051.03,65.0091,4297.96,143,75,7,1,55
1638,512,1,5009.14,59.6798,4193.96,49,122,8,0,55
1639,568,1,4864.43,85.0,4117.19,105,37,7,1,55
1640,568,1,4844.18,73.0,4356.71,87,51,7,1,55
1641,569,1,4752.7,85.0498,4097.21,80,86,7,1,55
1642,569,1,4727.94,73.0,4360.14,96,56,7,1,55
1643,570,1,4750.38,85.4725,4196.4,77,67,7,1,55
1644,570,1,4690.12,85.2976,4103.21,61,79,7,1,55
1645,112,1,5336.69,70.0,4179.49,134,58,7,1,55
1646,112,1,5378.82,70.0,4259.33,117,87,7,1,55
1647,113,1,5274.02,70.0,4244.31,86,112,7,1,55
1648,114,1,5212.0,66.9842,4314.67,122,54,7,1,55
1649,114,1,5166.01,69.6516,4257.86,122,53,7,1,55
1650,115,1,5146.65,65.0,4308.32,212,107,0,1,2100
1651,504,1,5594.52,83.4149,4157.72,69,87,7,1,55
1652,505,1,5470.62,83.0372,4201.98,119,82,7,1,55
1653,506,1,5497.61,70.7873,4283.36,84,133,7,1,55
1654,506,1,5616.54,74.0356,4285.04,128,71,7,1,55
1655,507,1,5482.48,70.0818,4287.39,164,156,0,1,2100
1656,818,1,5350.28,111.99,4412.02,18,15,1,0,480
1657,542,1,6056.6,102.293,4100.82,132,83,9,1,55
1658,38,1,7040.83,124.409,4137.94,32,55,7,1,55
1659,811,1,7011.27,115.351,4137.91,22,27,3,0,60
1660,40,1,7419.41,143.883,4123.39,48,48,7,1,55
1661,41,1,7490.21,150.353,4128.05,80,66,8,0,55
1662,42,1,7381.87,142.436,4227.99,57,61,7,1,55
1663,42,1,7432.24,139.208,4189.0,114,60,7,1,55
1664,43,1,7425.56,151.628,4280.69,77,157,0,1,2100
1665,44,1,7550.97,150.626,4150.39,63,67,7,1,55
1666,44,1,7588.67,154.708,4113.79,58,60,7,1,55
1667,45,1,7602.51,168.295,4221.76,53,85,7,1,55
1668,45,1,7620.84,153.03,4170.6,79,69,9,1,55
1669,47,1,7655.18,160.598,4189.16,143,121,0,1,2100
1670,61,1,7224.4,147.534,4118.24,65,54,7,1,55
1671,62,1,7188.81,151.894,4162.92,48,48,7,1,55
1672,62,1,7250.13,140.627,4195.45,48,48,7,1,55
1673,63,1,7210.65,147.763,4198.95,85,107,0,1,2100
1674,800,1,7504.78,157.623,4213.99,30,20,0,6,60
1675,811,1,7254.6,134.768,4179.82,17,18,3,0,60
1676,811,1,7473.66,149.091,4109.51,24,21,3,0,60
1677,811,1,7367.93,141.687,4279.93,28,25,3,0,60
1678,811,1,7613.14,165.764,4210.99,25,21,3,0,60
1679,817,1,7514.72,157.694,4227.47,11,8,3,0,240
1680,44,1,7868.31,159.789,4298.43,38,47,8,0,55
1681,46,1,7716.36,138.268,4170.82,85,78,7,1,55
1682,46,1,7743.21,119.433,4118.72,54,69,7,1,55
1683,304,1,8023.5,154.87,4308.79,101,101,4,1,55
1684,304,1,7999.02,138.654,4192.05,79,83,4,1,55
1685,305,1,8074.68,164.987,4203.16,76,106,4,1,55
1686,306,1,8063.02,159.929,4109.23,133,79,5,0,55
1687,306,1,8190.71,152.662,4125.11,109,67,4,1,55
1688,307,1,8141.19,167.017,4179.02,212,223,0,1,2100
1689,800,1,7793.47,214.33,4491.98,23,25,12,0,120
1690,817,1,7801.09,214.035,4498.99,25,25,3,0,180
1691,56,1,9019.23,67.3695,4121.82,74,50,8,0,55
1692,56,1,9104.88,78.5951,4269.4,48,48,8,0,55
1693,56,1,9006.33,80.9209,4178.28,48,48,8,0,55
1694,57,1,9091.97,66.7393,4185.43,36,71,8,0,55
1695,57,1,8930.87,75.5562,4171.04,61,45,8,0,55
1696,57,1,9021.72,70.5043,4238.76,49,47,8,0,55
1697,57,1,9045.26,79.2383,4305.39,46,65,8,0,55
1698,58,1,8861.29,81.2803,4342.13,48,48,8,0,55
1699,58,1,8863.42,78.6115,4200.25,48,48,8,0,55
1700,58,1,8949.9,81.7462,4354.67,48,48,8,0,55
1701,59,1,8727.67,133.821,4378.35,43,56,0,1,2100
1702,72,1,9122.57,80.8012,4330.68,60,39,8,0,55
1703,72,1,9193.02,78.9906,4367.59,40,20,8,0,55
1704,72,1,9165.11,73.2321,4167.53,48,48,8,0,55
1705,556,1,8927.59,81.2721,4336.21,425,268,3,0,2100
1706,52,1,9518.93,97.5291,4119.89,32,77,8,0,55
1707,53,1,9565.39,87.6256,4162.28,37,50,8,0,55
1708,53,1,9572.74,92.0696,4102.46,35,38,8,0,55
1709,54,1,9634.43,89.8685,4210.74,49,40,8,0,55
1710,55,1,9704.36,90.167,4262.37,42,40,0,1,2100
1711,72,1,9263.76,77.1309,4191.44,25,20,2,0,55
1712,72,1,9301.29,75.6809,4226.46,23,22,2,0,55
1713,73,1,9334.32,81.6172,4399.9,71,31,9,0,55
1714,73,1,9358.51,80.2107,4337.48,37,64,8,0,55
1715,74,1,9418.94,80.9712,4400.49,48,48,8,0,55
1716,74,1,9401.68,80.9787,4353.97,28,65,8,0,55
1717,74,1,9444.46,81.2631,4488.62,30,62,8,0,55
1718,75,1,9409.69,80.8719,4446.32,41,45,0,1,2100
1719,638,1,2922.18,63.085,4750.45,133,20,3,1,55
1720,638,1,2976.37,53.2728,4633.32,28,131,4,1,55
1721,638,1,2805.52,48.098,4664.7,70,66,8,0,55
1722,560,1,3491.12,40.0,4781.0,46,32,2,0,55
1723,560,1,3454.73,40.0,4691.79,39,37,2,0,55
1724,560,1,3390.05,59.0,4786.2,39,28,2,0,55
1725,560,1,3393.26,45.0277,4881.01,39,29,2,0,55
1726,560,1,3500.97,61.3898,4876.02,41,30,2,0,55
1727,561,1,3388.86,59.0,4778.8,38,26,2,0,55
1728,561,1,3489.34,40.0,4777.26,47,31,2,0,55
1729,561,1,3453.15,40.0,4686.28,40,36,2,0,55
1730,561,1,3377.61,45.0,4875.36,42,32,2,0,55
1731,561,1,3493.45,60.8297,4879.09,38,29,2,0,55
1732,562,1,3386.14,45.0018,4881.45,39,33,0,1,55
1733,562,1,3493.99,40.0,4778.95,48,30,0,1,55
1734,562,1,3446.67,40.0,4687.83,41,35,0,1,55
1735,562,1,3379.06,59.0,4789.45,40,26,0,1,55
1736,562,1,3492.84,59.7554,4873.74,39,26,0,1,55
1737,563,1,3417.25,59.0,4818.87,112,150,0,1,2100
1738,564,1,3309.73,61.7388,4780.59,37,31,2,0,55
1739,564,1,3224.25,10.7339,4720.4,39,31,2,0,55
1740,564,1,3161.27,14.9187,4715.42,39,38,2,0,55
1741,564,1,3283.87,61.8547,4842.14,36,31,2,0,55
1742,564,1,3308.73,45.6013,4901.4,35,27,2,0,55
1743,564,1,3201.74,17.7271,4815.14,43,35,2,0,55
1744,565,1,3233.91,7.23589,4715.35,41,35,2,0,55
1745,565,1,3305.88,62.8048,4784.5,36,33,2,0,55
1746,565,1,3151.1,15.0153,4712.4,42,35,2,0,55
1747,565,1,3292.76,62.2041,4846.15,36,32,2,0,55
1748,565,1,3301.64,49.0556,4897.59,39,27,2,0,55
1749,565,1,3192.51,16.3537,4806.39,42,31,2,0,55
1750,566,1,3228.67,9.7962,4711.63,40,33,0,1,55
1751,566,1,3312.28,61.7576,4788.66,36,32,0,1,55
1752,566,1,3162.06,15.4772,4708.65,39,34,0,1,55
1753,566,1,3292.27,60.6375,4839.77,36,35,0,1,55
1754,566,1,3311.79,45.2475,4896.71,35,28,0,1,55
1755,566,1,3203.65,17.2683,4803.01,39,32,0,1,55
1756,567,1,3272.97,60.4187,4802.09,150,141,0,1,2100
1757,572,1,3563.45,59.9815,4608.19,46,35,2,0,55
1758,572,1,3566.17,62.9483,4825.79,39,40,0,2,55
1759,573,1,3569.44,61.0,4611.66,43,35,2,0,55
1760,573,1,3566.01,63.6137,4821.92,41,41,2,0,55
1761,575,1,3560.0,63.8759,4824.71,40,40,0,1,55
1762,572,1,3702.31,59.0641,4754.98,41,40,2,0,55
1763,572,1,3692.17,51.3836,4680.04,44,29,2,0,55
1764,572,1,3706.01,60.8827,4818.27,50,31,2,0,55
1765,572,1,3755.25,59.0618,4876.51,44,36,2,0,55
1766,572,1,3690.1,59.0,4868.59,42,27,2,0,55
1767,572,1,3623.29,59.5839,4823.15,39,36,2,0,55
1768,573,1,3703.42,62.1196,4819.93,50,34,2,0,55
1769,573,1,3683.84,49.382,4678.72,43,31,2,0,55
1770,573,1,3699.91,60.2136,4748.74,45,37,2,0,55
1771,573,1,3761.77,59.3213,4877.14,42,35,2,0,55
1772,573,1,3681.25,59.0,4869.69,38,26,2,0,55
1773,573,1,3633.88,59.7493,4821.78,39,35,2,0,55
1774,575,1,3766.09,59.149,4866.66,46,37,11,1,55
1775,575,1,3629.83,59.6634,4821.86,41,34,0,1,55
1776,575,1,3697.34,54.2646,4671.56,45,33,0,1,55
1777,575,1,3705.2,59.6624,4749.81,43,37,0,1,55
1778,575,1,3702.75,59.4948,4816.55,51,29,0,1,55
1779,575,1,3686.37,59.0,4863.61,39,27,0,1,55
1780,576,1,3664.28,59.9081,4805.5,172,118,0,1,2100
1781,528,1,8079.12,107.751,1937.48,142,84,9,1,55
1782,529,1,8013.02,103.03,1993.26,86,101,9,1,55
1783,811,1,8092.97,103.024,1878.7,27,36,3,0,60
1784,93,1,8315.85,118.073,2001.59,96,106,9,1,55
1785,94,1,8218.43,107.404,1976.02,90,80,9,1,55
1786,94,1,8325.25,102.058,1861.23,75,141,9,1,55
1787,95,1,8280.38,108.068,1948.01,164,170,0,1,2100
1788,581,1,8665.44,99.1555,2028.39,40,39,2,0,55
1789,582,1,8663.6,99.7944,2025.26,39,41,2,0,55
1790,583,1,8672.01,100.405,2023.18,40,38,0,1,55
1791,811,1,8372.89,105.161,2041.15,48,48,6,0,60
1792,581,1,8734.07,94.3503,2031.03,39,39,2,0,55
1793,581,1,8796.79,100.126,2037.11,40,44,2,0,55
1794,582,1,8730.19,94.9347,2028.42,37,39,2,0,55
1795,582,1,8801.61,100.026,2034.29,37,42,2,0,55
1796,583,1,8733.45,95.3112,2039.54,40,41,0,1,55
1797,583,1,8806.04,100.001,2025.95,37,42,0,1,55
1798,584,1,8720.13,95.7626,2038.57,140,118,0,1,2100
1799,684,2,832.639,187.981,969.869,106,236,2,1,60
1800,685,2,805.867,220.611,1011.33,84,256,2,1,60
1801,686,2,771.924,226.535,890.286,106,180,2,1,60
1802,685,2,1285.38,124.456,898.548,428,286,7,3,60
1803,686,2,1522.39,185.857,764.898,894,124,8,2,60
1804,686,2,1405.12,167.405,625.06,51,64,2,1,60
1805,686,2,1416.75,175.566,597.73,235,18,2,1,60
1806,681,2,1124.62,122.869,967.734,307,69,7,3,60
1807,686,2,1879.44,122.206,1010.58,51,91,2,1,60
1808,683,2,1836.58,126.249,1018.9,98,43,2,1,60
1809,676,2,802.307,147.647,1444.18,82,123,7,3,60
1810,677,2,882.331,136.037,1397.54,210,31,3,2,60
1811,678,2,892.29,134.478,1396.3,66,94,3,2,60
1812,679,2,914.498,135.168,1365.37,22,86,2,2,60
1813,678,2,999.371,124.007,1301.53,48,193,7,3,60
1814,679,2,1002.67,130.539,1341.97,58,132,7,3,60
1815,670,2,1188.3,116.646,1454.83,57,232,7,3,60
1816,675,2,1368.43,116.733,1394.24,128,41,2,1,60
1817,674,2,1487.99,139.431,1515.47,63,33,2,1,60
1818,673,2,1338.66,127.58,1497.21,24,233,2,2,60
1819,684,2,1482.51,129.065,1096.71,222,158,3,2,60
1820,680,2,1067.59,115.948,1165.0,70,299,7,3,60
1821,677,2,1032.76,111.0,1248.89,233,29,3,2,60
1822,681,2,1175.56,126.094,1199.87,82,110,2,1,60
1823,681,2,1163.96,133.568,1101.51,46,96,2,1,60
1824,682,2,1355.76,116.988,1282.18,306,200,7,3,60
1825,684,2,1296.6,116.954,1071.65,164,151,3,2,60
1826,683,2,1498.41,111.601,1239.81,266,153,3,2,60
1827,668,2,1274.73,115.0,1379.22,41,35,3,0,60
1828,668,2,1208.42,114.922,1354.88,49,7,3,0,60
1829,668,2,1192.87,115.025,1392.66,48,19,3,0,60
1830,668,2,1230.17,115.0,1378.86,9,49,3,0,60
1831,668,2,1197.19,115.0,1375.9,8,55,3,0,60
1832,668,2,1266.52,115.0,1361.84,37,16,3,0,60
1833,668,2,1270.38,115.0,1356.18,34,41,3,0,60
1834,719,2,1122.55,129.08,1370.31,47,126,4,3,60
1835,674,2,1679.3,138.456,1457.2,121,56,2,2,60
1836,674,2,1731.14,145.553,1430.01,51,128,3,2,60
1837,673,2,1637.15,134.163,1493.88,178,26,2,1,60
1838,673,2,1554.1,139.487,1497.36,123,38,3,2,60
1839,685,2,1603.98,125.067,1122.48,452,110,3,2,60
1840,683,2,1615.75,126.108,1119.43,209,79,3,2,60
1841,686,2,1839.64,215.527,1488.45,48,48,2,1,60
1842,675,2,996.681,145.722,1631.67,36,118,5,2,60
1843,676,2,882.623,139.527,1549.0,134,56,7,3,60
1844,679,2,888.06,150.885,1721.02,130,55,5,3,60
1845,684,2,748.834,195.579,1825.76,25,20,1,1,60
1846,676,2,997.583,146.995,1733.64,142,24,3,2,60
1847,676,2,935.764,155.167,1693.12,49,34,10,0,60
1848,670,2,1298.33,123.652,1567.79,38,108,3,2,60
1849,671,2,1286.04,121.492,1581.18,40,71,2,1,60
1850,672,2,1309.49,125.957,1541.42,53,97,2,1,60
1851,673,2,1428.68,135.967,1537.25,66,47,3,2,60
1852,678,2,1156.1,150.203,1805.97,77,67,3,2,60
1853,675,2,1029.4,145.917,1727.54,56,130,4,3,60
1854,671,2,1181.57,114.304,1575.13,149,42,7,3,60
1855,672,2,1366.13,139.487,1605.41,43,42,2,1,60
1856,672,2,1400.04,140.372,1575.38,50,46,2,1,60
1857,673,2,1402.95,140.74,1583.83,31,53,2,1,60
1858,719,2,1232.62,114.21,1579.01,194,57,7,3,60
1859,674,2,1603.98,184.01,1551.87,72,17,2,1,60
1860,654,200,737.926,80.0,756.64,17,50,1,2,120
1861,654,200,749.887,79.7826,797.928,14,37,1,2,120
1862,654,200,747.197,80.0,894.932,20,21,1,2,150
1863,654,200,758.362,80.0,1011.05,7,54,1,2,120
1864,655,200,748.443,80.0,895.237,19,20,1,2,150
1865,656,200,916.753,80.0848,960.74,8,7,0,1,1800
1866,655,200,919.455,80.553,969.451,8,13,1,2,200
1867,655,200,1011.4,80.0117,718.051,14,11,1,2,150
1868,657,200,878.179,80.2124,897.514,13,12,1,2,180
1869,658,200,874.544,80.2198,899.076,11,10,1,2,180
1870,658,200,871.029,80.0,789.515,20,19,1,2,180
1871,658,200,858.778,79.7514,635.087,13,14,1,2,200
1872,659,200,863.616,79.2824,631.663,13,16,0,1,1800
1873,657,200,867.834,79.5257,635.482,14,11,1,2,200
1874,657,200,863.737,80.0,795.01,10,10,1,2,180
1875,660,200,1010.27,80.0454,720.728,20,14,1,2,150
1876,660,200,982.837,70.2557,894.595,46,60,1,2,200
1877,662,200,994.648,80.0,931.724,25,65,0,1,1800
1878,661,200,990.03,78.0662,921.172,35,53,1,2,200
1879,655,200,843.613,80.0,890.207,14,12,1,2,180
1880,655,200,881.687,80.0,677.749,12,15,2,1,150
1881,655,200,970.028,76.2,872.766,11,8,1,1,150
1882,658,200,980.041,76.3638,871.335,9,11,1,1,150
1883,660,200,877.616,80.0,666.366,14,15,1,2,150
1884,661,200,917.464,80.0,790.039,126,7,1,2,120
1885,658,200,1039.68,80.1232,663.11,9,7,1,2,200
1886,657,200,1039.48,80.1709,656.915,8,5,1,2,200
1887,659,200,1042.82,80.0,652.74,11,10,0,1,1800
1888,659,200,1089.64,80.0,835.886,6,9,0,1,1800
1889,658,200,1084.45,80.0,836.299,7,8,2,1,200
1890,657,200,1077.54,80.0,837.22,8,11,1,2,200
1891,662,200,1171.66,80.0,676.968,80,36,0,1,1800
1892,655,200,1155.39,80.2401,839.263,9,57,1,1,150
1893,658,200,1162.12,80.0,722.364,12,13,1,2,240
1894,661,200,1163.29,80.0,723.004,20,15,2,1,150
1895,655,200,1055.13,80.0,832.779,9,7,2,1,150
1896,656,200,1178.44,80.0,682.766,47,91,0,1,1800
1897,659,200,1186.83,80.0,682.58,85,65,0,1,1800
1898,658,200,1094.08,80.0,995.312,6,7,2,1,150
1899,655,200,1099.1,80.0,991.339,6,8,1,1,150
1900,661,200,1157.34,80.6035,850.459,6,60,1,1,150
1901,655,200,1157.08,80.0,728.581,16,11,1,2,150
1902,664,200,1175.46,80.0,680.408,15,14,0,1,2400
1903,654,200,860.528,79.5977,1078.01,16,14,1,2,200
1904,654,200,1008.43,79.4929,1085.8,14,15,3,2,200
1905,655,200,854.906,79.7029,1056.07,15,14,1,2,200
1906,655,200,1016.65,79.5975,1085.89,16,15,1,2,200
1907,656,200,1019.35,79.6699,1090.62,15,16,0,1,1800
1908,656,200,866.236,80.0,1067.21,21,13,0,1,1800
1909,657,200,853.038,77.9674,1066.19,16,11,1,2,150
1910,660,200,982.576,80.2111,1096.16,15,17,1,2,120
1911,662,200,1111.2,80.108,1048.44,9,7,0,1,1800
1912,661,200,1127.34,80.0172,1030.9,10,9,1,2,200
1913,660,200,1117.72,80.1052,1041.46,14,10,1,2,200
1914,691,201,836.869,85.0,954.611,36,20,2,3,180
1915,691,201,865.971,85.0,952.617,32,29,2,3,120
1916,691,201,866.814,85.0,914.398,22,36,2,2,120
1917,692,201,829.7,85.0,954.866,25,8,0,2,180
1918,692,201,858.725,85.0,940.619,19,27,0,2,120
1919,692,201,859.196,85.0,905.427,11,35,0,2,120
1920,693,201,833.329,85.2771,965.211,6,5,0,1,300
1921,693,201,1022.1,85.0,948.089,38,15,0,1,300
1922,696,201,1018.52,85.0,746.223,25,23,1,2,60
1923,694,201,1018.52,85.0,754.992,5,5,0,1,300
1924,694,201,1014.2,85.0,942.081,17,13,0,1,300
1925,696,201,1023.85,85.0,908.417,23,27,0,1,180
1926,692,201,1022.08,85.0,899.688,42,10,0,2,180
1927,695,201,1033.33,85.0,886.773,33,13,0,2,120
1928,691,201,1033.25,85.0,944.75,40,21,1,2,120
1929,691,201,1042.8,85.0,901.464,27,25,1,2,120
1930,692,201,1028.73,85.0,952.756,5,30,0,2,180
1931,693,201,1029.89,85.0,901.244,16,12,0,1,300
1932,694,201,1042.45,85.0,891.376,28,22,0,1,300
1933,696,201,1050.4,85.0,749.564,18,24,0,2,180
1934,695,201,1052.55,85.0,746.629,10,24,1,2,120
1935,697,201,1057.2,85.0,754.63,8,9,0,1,300
1936,697,201,1070.99,85.0,702.125,7,6,0,1,300
1937,697,201,1073.82,85.0,690.503,5,7,0,1,300
1938,698,201,1066.73,85.0,696.803,0,7,0,1,600
1939,694,201,1060.44,85.0,703.575,9,32,0,2,300
1940,696,201,1028.79,85.0,697.535,14,24,0,2,180
1941,694,201,1059.28,85.0,744.811,7,8,0,1,300
1942,694,201,1032.7,85.0,685.238,16,27,0,1,300
1943,695,201,1029.87,85.0,696.419,17,28,1,2,120
1944,697,201,1032.84,85.0,683.208,16,23,0,1,300
1945,704,201,1243.14,85.0,814.163,21,22,1,2,120
1946,704,201,1215.15,85.0,785.438,19,16,1,2,120
1947,704,201,1246.92,85.0,780.895,16,9,1,2,120
1948,703,201,1437.06,85.0,686.114,16,22,1,2,60
1949,703,201,1425.42,85.0,666.129,20,15,1,2,60
1950,703,201,1396.98,85.0,663.663,19,15,1,2,60
1951,703,201,1385.79,85.0,698.08,16,21,1,2,60
1952,707,201,1831.86,85.0,717.149,24,22,1,2,120
1953,707,201,1900.24,85.0,732.312,27,18,1,2,180
1954,707,201,1850.57,85.0,754.48,19,20,1,2,180
1955,707,201,1892.47,85.0,759.789,20,28,1,2,180
1956,708,201,1834.26,85.0,708.582,17,16,0,1,300
1957,708,201,1897.31,85.0,727.854,19,16,0,1,300
1958,708,201,1837.04,85.0,755.34,17,17,0,1,300
1959,708,201,1897.75,85.0,755.336,21,17,0,1,300
1960,709,201,1788.92,85.0,903.192,42,36,1,2,180
1961,709,201,1821.2,85.0,945.776,38,39,0,2,300
1962,711,201,1968.36,80.0,1016.16,22,20,2,1,180
1963,709,201,1765.22,85.0,936.236,36,12,2,1,180
1964,710,201,1788.96,85.0,894.491,29,25,0,1,300
1965,710,201,1776.0,85.3684,937.44,8,13,0,1,300
1966,711,201,2023.76,80.0,1084.54,22,24,1,2,180
1967,712,201,2002.54,80.0,1087.22,23,11,0,1,600
1968,712,201,2024.96,80.0,1047.05,7,14,0,1,600
1969,711,201,2029.4,80.0,1049.57,16,18,1,2,180
1970,711,201,2002.59,76.2545,1036.59,22,29,1,2,180
1971,699,201,2014.61,77.32,1070.2,48,48,2,3,60
1972,699,201,1990.3,76.7744,1035.14,40,35,2,3,60
1973,700,201,2002.1,76.2545,1061.91,49,42,1,4,60
1974,701,201,2035.36,80.0,1057.46,9,18,0,2,60
1975,702,201,2040.46,80.0,1054.03,13,20,0,1,1200